Point,TOP jack - SOURCE (signal leaves here),BOTTOM jack - DESTINATION (signal enters here),What this point is for,Done
A1,Clarett OUT 1,SSL SiX CH1 input,Send a Logic track to the SSL channel compressor and bring it back changed,
A2,Clarett OUT 2,SSL SiX CH2 input,Second SSL strip. You only have two - spend them on parts needing dynamic control,
A3,Clarett OUT 3,424 Channel 1 input,Print a stem to tape track 1. RECORD FUNCTION = DIRECT,
A4,Clarett OUT 4,424 Channel 2 input,Print a stem to tape track 2,
A5,Clarett OUT 5,424 Channel 3 input,Print a stem to tape track 3,
A6,Clarett OUT 6,424 Channel 4 input,Print a stem to tape track 4,
A7,Clarett OUT 7,RE-202 input,Logic aux send to the Space Echo. Treat it like a plugin send,
A8,Clarett OUT 8,Yamaha R-1000 input,Logic aux send to the 80s digital reverb,
A9,SSL SiX Main OUT L,Clarett IN 1,The analog front end returning to Logic. Leave this permanently,
A10,SSL SiX Main OUT R,Clarett IN 2,The analog front end returning to Logic. Leave this permanently,
A11,424 TAPE OUT 1,Clarett IN 3,Tape track 1 back to Logic as its own track. RCA cable. -10 dBV so it arrives quiet,
A12,424 TAPE OUT 2,Clarett IN 4,Tape track 2 back to Logic. RCA,
A13,424 TAPE OUT 3,Clarett IN 5,Tape track 3 back to Logic. RCA,
A14,424 TAPE OUT 4,Clarett IN 6,Tape track 4 back to Logic. RCA,
A15,RE-202 OUT L,Clarett IN 7,Space Echo return,
A16,RE-202 OUT R,Clarett IN 8,Space Echo return,
A17,424 LINE OUT L,SSL SiX stereo in 1 L,MONITORING the tape machine while you work. NOT the capture path,
A18,424 LINE OUT R,SSL SiX stereo in 1 R,MONITORING only. Capture is A11-A14,
A19,424 EFFECT SEND 1,Fostex 3180 input,Drive the spring reverb from the tape machine and print real reverb to tape,
A20,424 EFFECT SEND 2,Yamaha R-1000 input R,Send 2 doubles as TAPE CUE - check which mode it is in before assuming a fault,
A21,Fostex 3180 OUT,424 effect return L,Spring reverb back into the 424. Mono in and out - confirmed,
A22,Yamaha R-1000 OUT L,424 effect return R,VERIFY - does the 424 have effect returns and how many,
A23,Yamaha R-1000 OUT R,SSL SiX FX return L,Reverb into the console instead of the computer,
A24,424 MONITOR OUT,SSL SiX FX return R,Spare monitoring path,
B1,MS-2000B OUT L,424 Channel 5 input,Play the MS-2000B straight to tape with no computer in the path at all,
B2,MS-2000B OUT R,424 Channel 6 input,Same - the standalone Portastudio workflow,
B3,Korg Minilogue OUT,SSL SiX stereo in 2 L,VERIFY - one output or two,
B4,(none),SSL SiX stereo in 2 R,Right half of the SSL second stereo input,
B5,Roland JV-1010 OUT L,(spare),Patch to a free Clarett IN on Bay A when you want to record it,
B6,Roland JV-1010 OUT R,(spare),,
B7,Roland VC-340 OUT L,(spare),Strings and vocoder. The 500-800 Hz layer,
B8,Roland VC-340 OUT R,(spare),,
B9,Behringer RD-8 OUT L,(spare),808 clone. The strongest candidate for tape saturation,
B10,Behringer RD-8 OUT R,(spare),,
B11,Roland R-8 OUT L,(spare),,
B12,Roland R-8 OUT R,(spare),,
B13,Alesis SR-16 OUT L,(spare),,
B14,Alesis SR-16 OUT R,(spare),,
B15,Roland Juno DS OUT L,(spare),,
B16,Roland Juno DS OUT R,(spare),,
B17,Guitar DI,(spare),After the pedal chain - Green Rhino > FL-9 > Dimension C > RE-202,
B18,Bass DI,(spare),2007 MIM Fender Jazz Bass,
B19,(spare),(spare),,
B20,(spare),(spare),,
B21,(spare),(spare),,
B22,(spare),(spare),,
B23,(spare),(spare),,
B24,(spare),(spare),Keep one free. Something always needs a point,
